"DESCRIPTION","DURATION IN MS","NAME","PARENT SUITE","START TIME","STATUS","STOP TIME","SUB SUITE","SUITE","TEST CLASS","TEST METHOD"
"","434","test_create_post_returns_201","tests","Mon Mar 23 17:58:43 UTC 2026","passed","Mon Mar 23 17:58:44 UTC 2026","","test_posts","",""
"","81","test_create_user_without_required_fields_returns_400","tests","Mon Mar 23 17:58:40 UTC 2026","passed","Mon Mar 23 17:58:40 UTC 2026","","test_errors","",""
"","185","test_get_nonexistent_post_returns_404","tests","Mon Mar 23 17:58:40 UTC 2026","passed","Mon Mar 23 17:58:40 UTC 2026","","test_errors","",""
"","553","test_filter_posts_by_title_like","tests","Mon Mar 23 17:58:41 UTC 2026","passed","Mon Mar 23 17:58:42 UTC 2026","","test_posts","",""
"","1236","test_todos_with_delay_returns_200","tests","Mon Mar 23 17:58:46 UTC 2026","passed","Mon Mar 23 17:58:47 UTC 2026","","test_todos","",""
"","348","test_delete_todo_returns_204","tests","Mon Mar 23 17:58:49 UTC 2026","passed","Mon Mar 23 17:58:49 UTC 2026","","test_todos","",""
"","436","test_create_todo_returns_201","tests","Mon Mar 23 17:58:47 UTC 2026","passed","Mon Mar 23 17:58:48 UTC 2026","","test_todos","",""
"","297","test_search_posts_returns_200","tests","Mon Mar 23 17:58:41 UTC 2026","passed","Mon Mar 23 17:58:41 UTC 2026","","test_posts","",""
"","76","test_error_404","tests","Mon Mar 23 17:58:39 UTC 2026","passed","Mon Mar 23 17:58:39 UTC 2026","","test_errors","",""
"","5350","test_get_comments_returns_200_and_data","tests","Mon Mar 23 17:58:31 UTC 2026","failed","Mon Mar 23 17:58:36 UTC 2026","","test_comments","",""
"","171","test_put_user_returns_200","tests","Mon Mar 23 17:58:50 UTC 2026","passed","Mon Mar 23 17:58:50 UTC 2026","","test_users","",""
"","276","test_add_post_like_returns_200_or_201","tests","Mon Mar 23 17:58:45 UTC 2026","passed","Mon Mar 23 17:58:45 UTC 2026","","test_posts","",""
"","747","test_get_comment_by_id_returns_200","tests","Mon Mar 23 17:58:36 UTC 2026","passed","Mon Mar 23 17:58:37 UTC 2026","","test_comments","",""
"","229","test_get_post_by_id_returns_200","tests","Mon Mar 23 17:58:41 UTC 2026","passed","Mon Mar 23 17:58:41 UTC 2026","","test_posts","",""
"","191","test_get_users_returns_200_and_data","tests","Mon Mar 23 17:58:49 UTC 2026","passed","Mon Mar 23 17:58:50 UTC 2026","","test_users","",""
"","89","test_health_returns_200","tests","Mon Mar 23 17:58:40 UTC 2026","passed","Mon Mar 23 17:58:40 UTC 2026","","test_health","",""
"","1183","test_posts_with_delay_returns_200","tests","Mon Mar 23 17:58:42 UTC 2026","passed","Mon Mar 23 17:58:43 UTC 2026","","test_posts","",""
"","234","test_get_completed_todos_returns_200","tests","Mon Mar 23 17:58:46 UTC 2026","passed","Mon Mar 23 17:58:46 UTC 2026","","test_todos","",""
"","70","test_error_500","tests","Mon Mar 23 17:58:39 UTC 2026","passed","Mon Mar 23 17:58:40 UTC 2026","","test_errors","",""
"","188","test_search_users_returns_200","tests","Mon Mar 23 17:58:50 UTC 2026","passed","Mon Mar 23 17:58:50 UTC 2026","","test_users","",""
"","245","test_get_todos_returns_200_and_data","tests","Mon Mar 23 17:58:45 UTC 2026","passed","Mon Mar 23 17:58:46 UTC 2026","","test_todos","",""
"","451","test_create_comment_returns_201","tests","Mon Mar 23 17:58:37 UTC 2026","passed","Mon Mar 23 17:58:38 UTC 2026","","test_comments","",""
"","375","test_put_post_returns_200","tests","Mon Mar 23 17:58:44 UTC 2026","passed","Mon Mar 23 17:58:44 UTC 2026","","test_posts","",""
"","212","test_get_nonexistent_user_returns_404","tests","Mon Mar 23 17:58:40 UTC 2026","passed","Mon Mar 23 17:58:40 UTC 2026","","test_errors","",""
"","87","test_patch_user_not_supported_returns_404","tests","Mon Mar 23 17:58:50 UTC 2026","passed","Mon Mar 23 17:58:50 UTC 2026","","test_users","",""
"","111","test_create_post_without_required_fields_returns_400","tests","Mon Mar 23 17:58:40 UTC 2026","passed","Mon Mar 23 17:58:40 UTC 2026","","test_errors","",""
"","353","test_delete_user_returns_204","tests","Mon Mar 23 17:58:50 UTC 2026","passed","Mon Mar 23 17:58:51 UTC 2026","","test_users","",""
"","517","test_patch_todo_completed_returns_200","tests","Mon Mar 23 17:58:48 UTC 2026","passed","Mon Mar 23 17:58:49 UTC 2026","","test_todos","",""
"","198","test_create_user_returns_201","tests","Mon Mar 23 17:58:50 UTC 2026","passed","Mon Mar 23 17:58:50 UTC 2026","","test_users","",""
"","99","test_error_validation","tests","Mon Mar 23 17:58:40 UTC 2026","passed","Mon Mar 23 17:58:40 UTC 2026","","test_errors","",""
"","339","test_patch_post_returns_200","tests","Mon Mar 23 17:58:44 UTC 2026","passed","Mon Mar 23 17:58:44 UTC 2026","","test_posts","",""
"","517","test_patch_comment_returns_200","tests","Mon Mar 23 17:58:38 UTC 2026","passed","Mon Mar 23 17:58:39 UTC 2026","","test_comments","",""
"","412","test_get_todo_by_id_returns_200","tests","Mon Mar 23 17:58:46 UTC 2026","passed","Mon Mar 23 17:58:46 UTC 2026","","test_todos","",""
"","253","test_get_comments_with_limit_returns_200","tests","Mon Mar 23 17:58:37 UTC 2026","passed","Mon Mar 23 17:58:37 UTC 2026","","test_comments","",""
"","670","test_put_comment_returns_200","tests","Mon Mar 23 17:58:38 UTC 2026","passed","Mon Mar 23 17:58:38 UTC 2026","","test_comments","",""
"","145","test_get_user_by_id_returns_200","tests","Mon Mar 23 17:58:50 UTC 2026","passed","Mon Mar 23 17:58:50 UTC 2026","","test_users","",""
"","245","test_get_post_likes_returns_200","tests","Mon Mar 23 17:58:44 UTC 2026","passed","Mon Mar 23 17:58:45 UTC 2026","","test_posts","",""
"","391","test_delete_comment_returns_204","tests","Mon Mar 23 17:58:39 UTC 2026","passed","Mon Mar 23 17:58:39 UTC 2026","","test_comments","",""
"","577","test_put_todo_returns_200","tests","Mon Mar 23 17:58:48 UTC 2026","passed","Mon Mar 23 17:58:48 UTC 2026","","test_todos","",""
"","227","test_sort_posts_by_id_desc","tests","Mon Mar 23 17:58:42 UTC 2026","passed","Mon Mar 23 17:58:42 UTC 2026","","test_posts","",""
"","283","test_get_posts_returns_200_and_data","tests","Mon Mar 23 17:58:40 UTC 2026","passed","Mon Mar 23 17:58:41 UTC 2026","","test_posts","",""
"","507","test_delete_post_returns_204","tests","Mon Mar 23 17:58:45 UTC 2026","passed","Mon Mar 23 17:58:45 UTC 2026","","test_posts","",""
